title,description,url
green as far as the eye can see,,
Nature,"Bounded by rivers, the lively lush greenery of Međimurje has been tended to with great care, just like the loveliest garden.",https://visitmedimurje.com/en/discover/nature/
the first healthness resort in europe,,
Healthness,Terme Sveti Martin resort is a peaceful oasis surrounded by picturesque countryside in the heart of  the Wine Road in Međimurje.,https://visitmedimurje.com/en/experience/healthness/
life on the move,,
Sport and leisure,"Međimurje is a European Region of Sport. There are numerous cycling and hiking trails, adventure parks, fishing waters, sports halls and courts for leisure activities and professional sport available both for the locals and the visitors.",https://visitmedimurje.com/en/experience/active-holiday/
exceptional culinary experience,,
Sample the flavours of Međimurje,"Međimurje cherishes and offers authentic flavors such as meso 'z tiblice, pumpkin seed oil, or the unique gibanica cake, served today in a new, attractive way.",https://visitmedimurje.com/en/taste/cuisine/
Međimurje in focus,,
